title,price,sqft,bedrooms,bathrooms,address,neighbourhood,url,source,url_canon,address_norm,unit,source_rank,variant_id,lat,lon,geocode_status,formatted_address
,2995.0,750.0,1.5,1.0,"35 Mariner Terr - Toronto, ON",,,,,35 mariner terr - toronto on,,999,69fbb2161b,43.6398435,-79.39209629999999,OK,"35 Mariner Terrace, Toronto, ON M5V 3V9, Canada"
,2800.0,600.0,1.0,1.0,"224 King Street West - Toronto, ON",,,,,224 king street west - toronto on,,999,7140165d6e,43.6475301,-79.38733359999999,OK,"2906-224 King St W, Toronto, ON M5H 0A6, Canada"
,2095.0,500.0,1.0,1.0,"11 Brunel Court - Toronto, ON",,,,,11 brunel court - toronto on,,999,fd258ce795,43.6393683,-79.3933145,OK,"11 Brunel Ct, Toronto, ON M5V 3Y3, Canada"
,4200.0,1200.0,2.0,2.0,"85 Queens Wharf Road - Toronto, ON",,,,,85 queens wharf road - toronto on,,999,8d7917a01b,43.63894200000001,-79.39881419999999,OK,"85 Queens Wharf Rd, Toronto, ON M5V 0J9, Canada"
,2300.0,600.0,1.0,1.0,"81 Navy Wharf Court - Toronto, ON",,,,,81 navy wharf court - toronto on,,999,d6d5a4e25a,43.6412202,-79.3914247,OK,"81 Navy Wharf Ct, Toronto, ON M5V 3M5, Canada"
,2925.0,750.0,2.0,1.0,"333 Adelaide Street East - Toronto, ON",,,,,333 adelaide street east - toronto on,,999,5a6f9d0196,43.6518781,-79.3692492,OK,"333A Adelaide St E, Toronto, ON M5A 1N2, Canada"
,3250.0,799.0,2.0,2.0,"488 University Avenue - Toronto, ON",,,,,488 university avenue - toronto on,,999,3e70d773f0,43.6550921,-79.388993,OK,"488 University Ave, Toronto, ON M5G 0C1, Canada"
,2400.0,599.0,1.0,1.0,"832 Bay Street - Toronto, ON",,,,,832 bay street - toronto on,,999,8d87bf9f77,43.662104,-79.3865908,OK,"Hamghlin Building, 832 Bay St., Toronto, ON M5S 1Z6, Canada"
,2250.0,525.0,1.0,1.0,"77 & 99 Gerrard Street West - Toronto, ON",,,,,77 & 99 gerrard street west - toronto on,,999,3ce8a8145b,43.6583171,-79.3856671,OK,"Gerrard St W, Toronto, ON, Canada"
,3099.0,820.0,1.0,1.0,"131 Bloor Street West - Toronto, ON",,,,,131 bloor street west - toronto on,,999,ed739c477b,43.6687964,-79.3923294,OK,"131 Bloor St W, Toronto, ON M5S 3L7, Canada"
,2975.0,799.0,1.5,1.0,"80 John Street - Toronto, ON",,,,,80 john street - toronto on,,999,701e65ecba,43.6468768,-79.3900872,OK,"Festival Tower, 80 John St, Toronto, ON M5V 3X4, Canada"
,2980.0,680.0,1.0,2.0,"8 Charlotte Street - Toronto, ON",,,,,8 charlotte street - toronto on,,999,af18ef19dc,43.6460456,-79.3939582,OK,"8 Charlotte St, Toronto, ON M5V 0K4, Canada"
,3200.0,750.0,2.5,2.0,"125 Blue Jays Way - Toronto, ON",,,,,125 blue jays way - toronto on,,999,68b028df60,43.645753,-79.3920256,OK,"125 Blue Jays Way, Toronto, ON M5V 0L7, Canada"
,3800.0,1024.0,2.5,2.0,"8 Charlotte Street - Toronto, ON",,,,,8 charlotte street - toronto on,,999,1a4ace37fd,43.6460456,-79.3939582,OK,"8 Charlotte St, Toronto, ON M5V 0K4, Canada"
,2925.0,637.0,1.0,1.0,"633 Bay Street - Toronto, ON",,,,,633 bay street - toronto on,,999,b7c6d733c2,43.6569074,-79.38356929999999,OK,"633 Bay St., Toronto, ON M5G 2G4, Canada"
,3300.0,786.0,2.0,2.0,"51 East Liberty Street - Toronto, ON",,,,,51 east liberty street - toronto on,,999,8e21d87dbb,43.6387841,-79.41201439999999,OK,"51 E Liberty St, Toronto, ON M6K 3P8, Canada"
,2250.0,793.0,1.0,1.0,"1154 Queen St. W. - Toronto, ON",,,,,1154 queen st w - toronto on,,999,c62763b53c,43.6431407,-79.4249864,OK,"1154 Queen St W, Toronto, ON M6J 1J5, Canada"
,2205.0,523.0,1.0,1.0,"410 Dufferin Street - Toronto, ON",,,,,410 dufferin street - toronto on,,999,ec256ddd90,43.6442965,-79.4297332,OK,"410 Dufferin St, Toronto, ON M6K 0H1, Canada"
,2438.0,561.0,1.0,1.0,"410 Dufferin Street - Toronto, ON",,,,,410 dufferin street - toronto on,,999,a890b1aa92,43.6442965,-79.4297332,OK,"410 Dufferin St, Toronto, ON M6K 0H1, Canada"
,1999.0,583.0,1.0,1.0,"87 Jameson Avenue - Toronto, ON",,,,,87 jameson avenue - toronto on,,999,d6cbbccc20,43.6348838,-79.4346938,OK,"87 Jameson Ave, Toronto, ON M6K 2W8, Canada"
,2750.0,650.0,1.5,1.0,"318 Richmond St W - Toronto, ON",,,,,318 richmond st w - toronto on,,999,92f43d6a4f,43.6489394,-79.39201560000001,OK,"318 Richmond St W, Toronto, ON M5V 0B4, Canada"
,2565.0,671.0,2.0,1.0,"150 Dowling Avenue - Toronto, ON",,,,,150 dowling avenue - toronto on,,999,9c8531f9ac,43.6378156,-79.4394817,OK,"150 Dowling Ave, Toronto, ON M6K 3A8, Canada"
,2350.0,800.0,2.0,1.0,"179 Glenholme Avenue - Toronto, ON",,,,,179 glenholme avenue - toronto on,,999,54ea63d504,43.68110009999999,-79.4392538,OK,"179 Glenholme Ave, Toronto, ON M6E 3C5, Canada"
,2495.0,850.0,2.0,1.0,"403 Woodbine Avenue - Toronto, ON",,,,,403 woodbine avenue - toronto on,,999,8c40a1b209,43.673129,-79.30720649999999,OK,"403 Woodbine Ave, Toronto, ON M4L 3P7, Canada"
,2249.0,566.0,1.0,1.0,"327 Chisholm Ave - Toronto, ON",,,,,327 chisholm ave - toronto on,,999,48f00a17e6,43.6971766,-79.306444,OK,"327 Chisholm Ave, East York, ON M4C 4X1, Canada"
,1825.0,451.0,0.0,1.0,"325 Sammon Avenue - East York, ON",,,,,325 sammon avenue - east york on,,999,eae0ebb00d,43.6866314,-79.33481549999999,OK,"325 Sammon Ave, East York, ON M4J 2A1, Canada"
,2119.0,598.0,1.0,1.0,"260 Gamble Ave - Toronto, ON",,,,,260 gamble ave - toronto on,,999,1844065717,43.6919227,-79.34293579999999,OK,"260 Gamble Ave, East York, ON M4J 2P3, Canada"
,1849.0,510.0,1.0,1.0,"338-342 Donlands Ave - Toronto, ON",,,,,338-342 donlands ave - toronto on,338.0,999,6ae61ed9fe,43.692974,-79.3426125,OK,"342 Donlands Ave #338, Toronto, ON M4J 3S1, Canada"
,3950.0,1000.0,2.0,2.0,"20 Roblin Avenue - Toronto, ON",,,,,20 roblin avenue - toronto on,,999,1b0e81c7a9,43.6963251,-79.323748,OK,"20 Roblin Ave, East York, ON M4C 3P8, Canada"
,1825.0,435.0,1.0,1.0,"2575 Danforth Avenue - Toronto, ON",,,,,2575 danforth avenue - toronto on,,999,e885c52a81,43.6881521,-79.30033759999999,OK,"2575 Danforth Ave, Toronto, ON M4C 1L5, Canada"
,2250.0,535.0,2.0,1.0,"2575 Danforth Avenue - Toronto, ON",,,,,2575 danforth avenue - toronto on,,999,5b0273005b,43.6881521,-79.30033759999999,OK,"2575 Danforth Ave, Toronto, ON M4C 1L5, Canada"
,2650.0,850.0,2.0,1.0,"112 Kenilworth Avenue - Toronto, ON",,,,,112 kenilworth avenue - toronto on,,999,ee4728da50,43.6698645,-79.3026701,OK,"112 Kenilworth Ave, Toronto, ON M4L 3S6, Canada"
,2065.0,750.0,1.0,1.0,"43 Thorncliffe Park Drive - Toronto, ON",,,,,43 thorncliffe park drive - toronto on,,999,bcd9cbc50a,43.7005604,-79.34455679999999,OK,"43 Thorncliffe Park Dr, East York, ON M4H 1J4, Canada"
,2545.0,925.0,2.0,1.0,"43 Thorncliffe Park Drive - Toronto, ON",,,,,43 thorncliffe park drive - toronto on,,999,61f91bba05,43.7005604,-79.34455679999999,OK,"43 Thorncliffe Park Dr, East York, ON M4H 1J4, Canada"
,2395.0,700.0,2.0,1.0,"1 Hassard Avenue - East York, ON",,,,,1 hassard avenue - east york on,,999,fad209a179,43.6922125,-79.35114569999999,OK,"1 Hassard Ave, East York, ON M4K 3N3, Canada"
,1750.0,650.0,1.0,1.0,"16 Fernwood Gardens - East York, ON",,,,,16 fernwood gardens - east york on,,999,9c23a25a95,43.6916307,-79.3573266,OK,"16 Fernwood Gardens, East York, ON M4K 2J9, Canada"
,3000.0,1000.0,2.0,1.0,"93B Douglas Crescent - East York, ON",,,,,93b douglas crescent - east york on,,999,450d67de3b,43.692734,-79.3666906,OK,"93B Douglas Crescent, Toronto, ON M4W 2E6, Canada"
,950.0,700.0,1.0,1.0,"398 O'Connor Drive - Toronto, ON",,,,,398 o'connor drive - toronto on,,999,f780755c58,43.6964747,-79.3365002,OK,"398 O'Connor Dr, East York, ON M4J 2W3, Canada"
,1999.0,617.0,1.0,1.0,"2892 St Clair Avenue East - Toronto, ON",,,,,2892 st clair avenue east - toronto on,,999,d81c391a5c,43.7079744,-79.3024427,OK,"2892 St Clair Ave E, East York, ON M4B 1N6, Canada"
,2549.0,653.0,2.0,1.0,"2892 St Clair Avenue East - Toronto, ON",,,,,2892 st clair avenue east - toronto on,,999,8bf5637d2a,43.7079744,-79.3024427,OK,"2892 St Clair Ave E, East York, ON M4B 1N6, Canada"
,1950.0,750.0,1.0,1.0,"540 Dawes Road - Toronto, ON",,,,,540 dawes road - toronto on,,999,f1db3c2c62,43.7059472,-79.2959716,OK,"540 Dawes Rd, East York, ON M4B 2E9, Canada"
,1900.0,750.0,1.0,1.0,"390 Dawes Road - East York, ON",,,,,390 dawes road - east york on,,999,42b80335e5,43.7001001,-79.2981385,OK,"390 Dawes Rd, East York, ON M4B 2E5, Canada"
,2350.0,672.0,1.0,1.0,"75 Eastdale Ave - Toronto, ON",,,,,75 eastdale ave - toronto on,,999,4bd6cde5c1,43.6952271,-79.300448,OK,"75 Eastdale Ave, East York, ON M4C 5N3, Canada"
,2650.0,576.0,1.5,2.0,"2369 Danforth Avenue - Toronto, ON",,,,,2369 danforth avenue - toronto on,,999,44afdff799,43.6869881,-79.3061537,OK,"2369 Danforth Ave, Toronto, ON M4C 0B1, Canada"
,2280.0,510.0,1.0,1.0,"2301 Danforth Avenue - Toronto, ON",,,,,2301 danforth avenue - toronto on,,999,19294c142f,43.6868055,-79.30741929999999,OK,"2301 Danforth Ave, Toronto, ON M4C 0A7, Canada"
,2100.0,715.0,1.0,1.0,"189 Cedarvale Avenue - East York, ON",,,,,189 cedarvale avenue - east york on,,999,1fa8f8f72f,43.689416,-79.3119997,OK,"189 Cedarvale Ave, East York, ON M4C 4J9, Canada"
,2499.0,780.0,2.0,1.0,"19-23 Engelhart Cres,64-68 Harris Park Dr - Scarborough, ON",,,,,19-23 engelhart cres 64-68 harris park dr - scarborough on,19.0,999,82104b5cee,43.7224998,-79.2987215,OK,"68 Harris Park Dr #19, Scarborough, ON M1L 3A7, Canada"
,2499.0,798.0,2.0,1.0,"4 Treewood Street - Scarborough, ON",,,,,4 treewood street - scarborough on,,999,ef7869780c,43.7542694,-79.2640108,OK,"4 Treewood St, Scarborough, ON M1P 3J4, Canada"
,2695.0,600.0,1.0,1.0,"190 Borough Drive - Scarborough, ON",,,,,190 borough drive - scarborough on,,999,881cb5cb7b,43.7728475,-79.2540199,OK,"190 Borough Dr, Toronto, ON M1P 0B6, Canada"
,2750.0,999.0,2.5,2.0,"30 Thunder Grove - Scarborough, ON",,,,,30 thunder grove - scarborough on,,999,0b8f4f3919,43.8095456,-79.2664337,OK,"30 Thunder Grove, Toronto, ON M1V 4A3, Canada"
,2099.0,950.0,1.0,1.0,"15 Brookbanks Drive - Toronto, ON",,,,,15 brookbanks drive - toronto on,,999,4ede5d514b,43.7518416,-79.3319844,OK,"15 Brookbanks Dr, Toronto, ON M3A 2S9, Canada"
,3200.0,1100.0,3.0,1.0,"10 Chipping Road - Toronto, ON",,,,,10 chipping road - toronto on,,999,ef615b8f2e,43.74515290000001,-79.34443279999999,OK,"10 Chipping Rd, North York, ON M3B 1L1, Canada"
,1945.0,485.0,1.0,1.0,"22 Elkhorn Drive - North York, ON",,,,,22 elkhorn drive - north york on,,999,667159012c,43.7705558,-79.381805,OK,"22 Elkhorn Dr, North York, ON M2K 1J4, Canada"
,2700.0,795.0,2.0,1.0,"22 Elkhorn Drive - North York, ON",,,,,22 elkhorn drive - north york on,,999,8bba6182ae,43.7705558,-79.381805,OK,"22 Elkhorn Dr, North York, ON M2K 1J4, Canada"
,2200.0,550.0,1.0,1.0,"625 Sheppard Avenue East - North York, ON",,,,,625 sheppard avenue east - north york on,,999,4e7ed7c924,43.7677993,-79.3803305,OK,"625 Sheppard Ave E, North York, ON M2K 1B5, Canada"
,2850.0,931.0,2.0,1.0,"2911 Bayview Avenue - Toronto, ON",,,,,2911 bayview avenue - toronto on,,999,72ed7e1853,43.7706442,-79.38562309999999,OK,"2911 Bayview Ave, North York, ON M2K 1E8, Canada"
,3150.0,650.0,2.0,2.0,"6 Greenbriar Road - Toronto, ON",,,,,6 greenbriar road - toronto on,,999,9e21a6f288,43.7677377,-79.3804547,OK,"6 Greenbriar Rd, North York, ON M2K 0H6, Canada"
,3050.0,750.0,2.0,2.0,"15 Holmes Avenue - North York, ON",,,,,15 holmes avenue - north york on,,999,aacfdb71c8,43.7777659,-79.41403009999999,OK,"15 Holmes Ave, North York, ON M2N 0L4, Canada"
,2480.0,775.0,1.0,1.0,"4500 Jane Street - North York, ON",,,,,4500 jane street - north york on,,999,257d5fa04b,43.7664667,-79.5204799,OK,"4500 Jane St, North York, ON M3N 2K6, Canada"
,2175.0,671.0,1.0,1.0,"18 & 20 Skipton Crt - North York, ON",,,,,18 & 20 skipton crt - north york on,,999,24a34042af,43.7371328,-79.491833,OK,"Skipton Ct, North York, ON M3M, Canada"
,2100.0,723.0,1.0,1.0,"3400 Keele Street - North York, ON",,,,,3400 keele street - north york on,,999,359d5c92ab,43.7480249,-79.4879191,OK,"3400 Keele St, North York, ON M3J 1L7, Canada"
,1895.0,576.0,1.0,1.0,"1450 Sheppard Avenue West - Toronto, ON",,,,,1450 sheppard avenue west - toronto on,,999,9282644544,43.7448529,-79.48965749999999,OK,"1450 Sheppard Ave W, North York, ON M3M 2X1, Canada"
,1950.0,750.0,1.0,1.0,"3250 Keele Street - Toronto, ON",,,,,3250 keele street - toronto on,,999,a296a3f684,43.7418835,-79.48611149999999,OK,"3250 Keele St, North York, ON M3M 3C5, Canada"
,2075.0,598.0,1.0,1.0,"3390 Keele Street - Toronto, ON",,,,,3390 keele street - toronto on,,999,b967691d1f,43.7469315,-79.4884974,OK,"3390 Keele St, North York, ON M3M 2Y9, Canada"
,2095.0,511.0,1.0,1.0,"299 Campbell Avenue - Toronto, ON",,,,,299 campbell avenue - toronto on,,999,b7e5c73a0c,43.6656255,-79.4497386,OK,"299 Campbell Ave, Toronto, ON M6P 0C2, Canada"
,2100.0,513.0,1.0,1.0,"75 Canterbury Place - North York, ON",,,,,75 canterbury place - north york on,,999,69f6c5eaf1,43.7741525,-79.415133,OK,"75 Canterbury Pl, North York, ON M2N 0L2, Canada"
,2250.0,620.0,1.0,1.0,"18 Sommerset Way - North York, ON",,,,,18 sommerset way - north york on,,999,fa437928ce,43.7763305,-79.41260559999999,OK,"18 Sommerset Way, Toronto, ON M2N 6X5, Canada"
,2450.0,600.0,1.5,1.0,"18 Holmes Avenue - North York, ON",,,,,18 holmes avenue - north york on,,999,14b6187e26,43.7784859,-79.4133299,OK,"18 Holmes Ave, Toronto, ON M2N 0E1, Canada"
,2400.0,680.0,1.0,1.0,"700 Humberwood Blvd - Etobicoke, ON",,,,,700 humberwood blvd - etobicoke on,,999,ae515d8e04,43.72470430000001,-79.6166381,OK,"700 Humberwood Blvd, Etobicoke, ON M9W 7J4, Canada"
,2782.0,803.0,1.0,1.0,"4001 - 4005 Bayview Avenue - North York, ON",,,,,4001 - 4005 bayview avenue - north york on,4001.0,999,63dbcc9100,43.8023974,-79.3941086,OK,"4005 Bayview Ave #4001, North York, ON M2M 3Z9, Canada"
,3700.0,1100.0,4.0,2.0,"60 Bevdale Road - Toronto, ON",,,,,60 bevdale road - toronto on,,999,310afcacf0,43.7752182,-79.4321368,OK,"60 Bevdale Rd, North York, ON M2R 1L7, Canada"
,2275.0,490.0,1.0,1.0,"151 Beecroft Road - Toronto, ON",,,,,151 beecroft road - toronto on,,999,22e7c59733,43.7651758,-79.413557,OK,"151 Beecroft Rd, North York, ON M2N 7C4, Canada"
,2000.0,530.0,1.0,1.0,"4955 Yonge Street - Toronto, ON",,,,,4955 yonge street - toronto on,,999,e4e16f5a37,43.7650442,-79.4116379,OK,"4955 Yonge St, North York, ON M2N 0L8, Canada"
,1790.0,338.0,1.0,1.0,"4750 Bathurst Street - Toronto, ON",,,,,4750 bathurst street - toronto on,,999,96e68cfae2,43.7679141,-79.4420545,OK,"4750 Bathurst St, North York, ON M2R 1W9, Canada"
,2195.0,491.0,1.0,1.0,"44 Lillian Street - Toronto, ON",,,,,44 lillian street - toronto on,,999,c7f5d06f3a,43.705759,-79.3937485,OK,"44 Lillian St, Toronto, ON M4S 0B7, Canada"
,2250.0,540.0,1.0,1.0,"45 Dunfield Avenue - Toronto, ON",,,,,45 dunfield avenue - toronto on,,999,98759e7406,43.70609460000001,-79.3945562,OK,"45 Dunfield Ave, Toronto, ON M4S 2H4, Canada"
,2518.0,569.0,1.0,1.0,"223 Redpath Avenue - Toronto, ON",,,,,223 redpath avenue - toronto on,,999,a5e43499c2,43.7112341,-79.3939256,OK,"223 Redpath Ave, Toronto, ON M4P 0E8, Canada"
,2650.0,690.0,2.0,1.0,"365 Eglinton Avenue East - Toronto, ON",,,,,365 eglinton avenue east - toronto on,,999,5ec2c6ac0f,43.7090903,-79.3854929,OK,"365 Eglinton Ave E, Toronto, ON M4P 1M5, Canada"
,2100.0,650.0,1.0,1.0,"725 Eglinton Ave W - Toronto, ON",,,,,725 eglinton ave w - toronto on,,999,4152e948f5,43.7014889,-79.4222212,OK,"725 Eglinton Ave W, Toronto, ON M6E 2H4, Canada"
,3500.0,1250.0,3.0,2.0,"21 Mayfair Avenue - Toronto, ON",,,,,21 mayfair avenue - toronto on,,999,638dac1c99,43.7037921,-79.42220700000001,OK,"21 Mayfair Ave, Toronto, ON M5N 2N5, Canada"
,2500.0,514.0,1.0,1.0,"5-31 York Garden Way - Toronto, ON",,,,,5-31 york garden way - toronto on,5.0,999,deb8650b58,43.7262345,-79.4595275,OK,"31 York Garden Wy #5, North York, ON M6A 0G3, Canada"
,2440.0,590.0,1.0,1.0,"1862 Bathurst St. - Toronto, ON",,,,,1862 bathurst st - toronto on,,999,2f7beac37c,43.6976162,-79.4245219,OK,"1862 Bathurst St, York, ON M5P 3K8, Canada"
,2500.0,714.0,2.0,1.0,"830 Lawrence Avenue West - North York, ON",,,,,830 lawrence avenue west - north york on,,999,844add6bea,43.7150328,-79.4539494,OK,"830 Lawrence Ave W, Toronto, ON M6A 0A2, Canada"
,2195.0,800.0,2.0,1.0,"146 Sixth Street - Toronto, ON",,,,,146 sixth street - toronto on,,999,8fc601a11a,43.6018682,-79.5048131,OK,"146 Sixth St, Etobicoke, ON M8V 3A5, Canada"
,2420.0,900.0,2.0,1.0,"2 Wesley Street - Toronto, ON",,,,,2 wesley street - toronto on,,999,c3bbefe26d,43.61983720000001,-79.4968616,OK,"2 Wesley St, Etobicoke, ON M8Y 2W3, Canada"
,2275.0,900.0,2.0,1.0,"162 Berry Road - Etobicoke, ON",,,,,162 berry road - etobicoke on,,999,22d98c801f,43.6371507,-79.49041129999999,OK,"162 Berry Rd, Etobicoke, ON M8Y 1W5, Canada"
,1900.0,576.0,1.0,1.0,"24 Mabelle Avenue - Etobicoke, ON",,,,,24 mabelle avenue - etobicoke on,,999,63c4650289,43.646229,-79.526749,OK,"24 Mabelle Ave, Etobicoke, ON M9A 4X8, Canada"
,2597.0,943.0,2.0,1.0,"1154 Wilson Avenue - North York, ON",,,,,1154 wilson avenue - north york on,,999,8c5c16b85d,43.7264882,-79.48643469999999,OK,"1154 Wilson Ave, North York, ON M3M 1J6, Canada"
,2200.0,933.0,2.0,1.0,"104 Rajah Street - Toronto, ON",,,,,104 rajah street - toronto on,,999,52c889af40,43.73067959999999,-79.4387141,OK,"104 Rajah St, North York, ON M6A 2J3, Canada"
